corpName,detail,period,corpDetail
"SK하이닉스","SK하이닉스
Big Data Infra(하둡) 운영 및 서비스 
개발자 모집

모집분야 및 자격요건
채용직무
   IT(자동화) 
자격요건
- 채용 직무의 자격 요건을 충족하는 분
- 해외여행 및 건강상 결격 사유가 없는 분
- 학력 : 학사 이상
- 전공 : 빅데이터, 통계학과, 수학과, 컴퓨터공학, 산업공학과
- 외국어 : 무관
- 해당경력 : 3 년 이상
- 기타 : 빅데이터 관련 기술 (Hadoop 및 Hadoop Eco-System) / 프로젝트 참여 3년 이상 유 경험자
주요 수행업무
- 빅데이터 플랫폼 운영 및 안정화
- 빅데이터 기반 분석 시스템 구축 및 과제 수행
- 실시간 대용량 데이터 분석/처리 아키텍처 설계 및 개발
- Data Lake 기반 서비스 구축
- 장비 FDC 데이터 기반 품질 분석 시스템 개발
- 품질 이미지 데이터 분석 시스템 개발
- AI 활용한 반도체 Wafer 불량 조기 경보 체계 구축
- 분석 알고리즘 통합 관리체계 구축
- Response/Source Para. 패턴 분석 알고리즘 개발
- 일괄자동분석을 위한 AI(ML/DL) 분석 플랫품 구축
Experience
- Hadoop 운영 및 Hadoop Eco-System 사용 경험자 우대
- 반도체 관련 시스템 개발 경험자 우대
- 반도체 데이터 지식(이해) 보유자 우대
- Linux 및 Unix OS 능숙자
- Network System 지식(이해) 보유자
- 검색엔진 및 데이터 모델링 기술 보유자 우대
Skills
- 분산병렬 컴퓨팅 기술(Hadoop, NoSQL, API 서비스 등)
- Java / Scala / Python 중 최소 중간 수준 1개 이상 필수
- Spark / Map Reduce
- Database 활용 기술
근무조건
근무지 : 이천
전형절차
서류전형 > SKCT검사(심층) > 면접전형 > 처우협의 > 건강검진
접수방법
2019. 01. 09 ~ 2019. 02. 20(수) 24시 까지
접수방법 : 홈페이지
기타사항
입사 지원은 당사 채용포털을 통한 온라인 지원만 가능합니다.
남자의 경우, 병역을 필하거나 면제된 자에 한해 지원 가능합니다.
보훈 대상자는 관련법에 의거 우대합니다.
장애인 고용촉진 및 직업재활법에 따라 장애인 등록증 소지자는 우대합니다.
입사지원서 내용이 사실과 다를 경우 합격(입사)이 취소됩니다.
자세한 상세요강은 반드시 채용 홈페이지에서 직접 확인해 주시기 바랍니다.
SK하이닉스 취업 준비의 시작은 에서!","접수기간
남은시간
9일 02:43:08
시작일 2019.01.09(수) 마감일 2019.02.20(수)
24시 마감
달력보기","요약정보
SK하이닉스 기업정보 7659관심기업 연봉정보
산업 발광 다이오드 제조업 사원수 25,886명 설립 1949년 (70년차) 기업형태 대기업 (코스피) 매출액 29조 7,189억 3,900만원"
"㈜솔트룩스","㈜솔트룩스
(주) 솔트룩스 디자인(콘텐츠) 인턴/신입 채용
솔트룩스는 1979년 한국을 대표하는 기술번역 전문기업으로 시작하여, 현재 “솔루션 기반의 현지화 서비스 & 테크니컬 커뮤니케이션 전문기업”으로서 체계화되고 자동화된 글로벌 자산 관리 서비스를 제공하는 기업입니다. 각종 기술문서 및 제품 매뉴얼의 기술번역 및 다국어번역, 소프트웨어 로컬리제이션 및 웹 콘텐츠의 글로발리제이션을 비롯하여, 매뉴얼의 기획과 집필(Technical Writing)은 물론 전자편집과 전자매뉴얼(Live Manual) 개발, 솔루션 컨설팅 업무까지 솔루션 기반의 각종 현지화 및 저작 서비스를 토털 서비스로 제공하고 있습니다.
모집분야 및 자격요건
모집분야 
담당업무 
자격요건 
모집인원 
 디자인
(콘텐츠
●㈜솔트룩스 제품(브랜드)
- 인공지능 플랫폼 아담(ADAM)
: Assistant, TalkBot, Adams.ai
- 빅데이터 분석 플랫폼 빅오(BIGO)

●기업 SNS 운영에 필요한 디자인: 페이스북, 인스타그램, YouTube, 네이버 블로그 등 각 채널 서비스 이해를 바탕으로 이미지 및 동영상 콘텐츠 제작
●제품(브랜드) 프로모션 디자인
·●웹디자인: 홈페이지 페이지 제작, 행사 제작물 이미지 제작, 온라인 광고 배너 제작
학력: 대졸이상
경력: 신입
[우대조건]
컴퓨터활용능력 우수자
컴퓨터그래픽스운용기능사
유관업무경험자
  ○명 
근무조건
근무형태 : 인턴(인턴 기간 6개월 근무 이후 정규직 전환 가능성이 있는 분은 1명 채용할 예정입니다.)
근무지 : 서울 > 강남구
근무요일 : 주5일
근무시간 : 09시 00분 ~ 18시 00분
급여 : 회사내규에 따름
전형절차
서류전형 > 1차면접 (임원면접 포함) > 최종합격
※ 면접일정은 추후 통보됩니다.
접수방법
2019.02.22(금) 까지
접수방법 : 잡코리아 접수
이력서 : 잡코리아이력서, 자사양식
제출서류
이력서, 자기소개서,포트폴리오 제출
기타사항
허위사실이 발견될 경우 채용이 취소될 수 있습니다.
㈜솔트룩스 취업 준비의 시작은 에서!","접수기간
남은시간
11일 02:43:04
시작일 2019.02.11(월) 마감일 2019.02.22(금)
달력보기","요약정보
㈜솔트룩스 기업정보 900관심기업
산업 솔루션·SI·CRM·ERP 사원수 130명 설립 1981년 (38년차) 기업형태 벤처기업 (비상장) 인증 강소기업"
"㈜엠로","빅데이터 분석 및 모델링 전문가
㈜엠로는 2000년에 설립된 회사로 사원수 215명 규모의 고용노동부에서 선정한 강소기업입니다. 서울 영등포구 당산동4가에 위치하고 있으며, 구매 SCM 솔루션 컨설팅, 시스템 개발및 구축사업을 하고 있습니다.
모집분야 담당업무 자격요건 모집인원
빅데이터
분석 및 모델링
전문가 - Project 수행
- (Project PM, PL) - 학력 : 대졸이상
- 경력 : 경력2년↑

［우대사항］
- 석사학위 수여자, 박사학위 수여자
- 프로젝트 경험 PM, PL 우대
- SAS, R, Python 활용능력 필수 0명
서류전형
실무자면접
임원면접
최종합격
- 근무형태 : 정규직
- 근무지 : 서울 영등포구
- 마감일 : 상시채용
- 이력서양식 : 잡코리아 온라인 이력서
- 접수방법 : 잡코리아 온라인 접수
- 이력서, 자기소개서 제출
- 최종합격 후 졸업증명서, 최종학교 전 학년 성적 증명서, 공인시험 및 기타 자격증 사본(소지자에 한함),
- 취업보호대상증명서(대상자에 한함) 제출
- 허위사실이 발견될 경우 채용이 취소될 수 있습니다.
㈜엠로 취업은 잡코리아에서!","접수기간
이 공고는
상시채용공고
입니다.","요약정보
㈜엠로 기업정보 591관심기업 연봉정보
산업 솔루션·SI·CRM·ERP 사원수 215명 설립 2000년 (19년차) 기업형태 중소기업 (비상장) 인증 강소기업"
"한국한의학연구원","1. 채용분야
직종
모집분야
학위
인원
연수내용
우대조건
근무
부서
연구직포닥
ICT융합진단 및 인공지능 연구
박사
1
- 딥러닝 기반 X-ray, CT 의료영상 판독 알고리즘 개발
- 안면, 설 영상 분석 알고리즘 개발
- 생체신호 패턴 분류 알고리즘 개발
- 멀티모달 정보를 통합한 지능형 진단, 예측 알고리즘 개발
- 인공지능 기반 진료 지원 시스템 개발
- X-ray 영상처리 경험자
- Matlab, Python,
C++ 숙련자
미래
의학부
한의임상연구
박사
1
- 뇌영상 임상연구 관리/수행 및 데이터 분석
- MRI를 이용한 뇌영상 실험/데이터 분석/논문작성 경험자
- Matlab, SPM, FSL,
Freesurfer 등 사용
가능자
임상
의학부
대사체 분석 연구
박사
1
- 대사체 분석
- omics 실험 설계 및 multi-omics data 통합 해석
- 대사체 관련 SCI(E) 논문 보유자
- 비임상/임상 생체시료 분석연구 유경험자
임상
의학부
  2. 신청자격
ㅇ 이공계 박사학위 취득자(임용예정일 기준 3개월 이내 박사학위 취득 예정자* 포함)로, 아래 자격을 동시에 충족하는 자
* 박사학위 취득 예정자의 경우 ‘졸업예정증명서’ 제출자에 한함
- 대한민국 국적 보유자
- 박사학위 취득 후 5년 이내인 자
- 남자의 경우 입사시점 병역의무를 필하거나 면제된 자
- 합격자 통보 이후 3개월 이내 근무 가능한 자
- 국가공무원법 제33조의 결격사유가 없는 자
- 해외여행에 결격사유가 없는 자
< 우대사항 >
ㅇ 임용예정일 기준 만 15세 이상 34세 이하인 자
* 「청년고용촉진특별법시행령 제2조」에 따른 청년층
ㅇ 취업취약계층 해당 자(저소득층, 장애인, 보훈대상자, 6개월 이상 장기실직자, 여성가장 등)
* 취약계층 범주 및 확인방법 <참고1> 참조
< 배제대상 >
ㅇ 박사학위 취득(졸업일) 이후 해당기관 근무이력이 있는 자
ㅇ 임용예정일 기준(시점) 취업상태인자
* 참여 신청시점에 취업상태에 있어도 지원 가능
ㅇ 임용예정일 기준 3년 이내 정부 재정지원 직접일자리사업에 참여이력이 있는 자
* 직접일자리사업 현황 <참고2> 참조
* 개인 : 워크넷(http://www.work.go.kr) 로그인 → 내정보관리 → 정부지원일자리 → 일자리참여내역정부지원 일자리 참여내역 확인 가능
* 기관 : 일모아시스템 신청접수관리-신청자이력조회 메뉴에서 중복·반복참여 확인
ㅇ 「병역법」에 의한 특례 근무 중인 자
ㅇ 허위, 기타 부정한 방법으로 채용된 자
3. 제출서류
구분
한국한의학연구원 입사지원시스템
워크넷
지원서
접수 시
○ 지원서 및 자기소개서 작성
<학력 증빙자료 등록부분에 아래 1~3까지 자료 업로드 필수>
1) 학위논문 요약본 및 연수계획서 1부 (양식1)
* 연수제안서 확인 후 작성
2) 참여신청서 및 개인정보 이용에 대한 동의서 각 1부 (양식2 활용)
3) 참여자격 확인서 1부 (양식3 활용)
○ 참여신청서 및 개인정보 이용에 대한 동의서 각 1부(양식2 활용)
○ 참여자격 확인서 1부 (양식3 활용)
※ 워크넷 사용방법 : 회원가입 - 로그인 - 채용정보 - 정부지원일자리 - 지역(대전설정) - 채용공고 Click - 공고 하단 신청서 접수 - 기본입력 + 정보제공동의 등 필요서류(양식2,3) 업로드 - 신청하기
발표 및 면접전형
○ 최종학위증명서 1부
○ 연구실적 증빙서류(게재논문 표지 및 저자확인) 각 1부
○ 남자의 경우 병역증명서(병역사항이 기재된 주민등록초본 제출 가능) 1부
-
임용
예정일 전
○ 미취업상태 증명서류 1부
※ 고용보험(www.ei.go.kr) 로그인 → 고용보험 가입이력 조회 → 피보험자격 이력 내역서 인쇄
-
4. 연수조건
가. 급여조건 : 연 5,900만원 수준 (4대 보험 및 퇴직충당금 포함)
나. 4대보험(국민연금, 건강보험, 고용보험, 산재보험) 적용
다. 연수시간 : 주 40시간 (8시간/1일)
라. 연수기간 : 2년
5. 전형방법
가. 1차[서류전형] * 서류전형에 합격한 자에 한하여 온라인 인성검사 실시
나. 2차[프레젠테이션 및 면접]
- 서류전형 합격자(연구원 홈페이지 공고)에 한하여 프레젠테이션 및 면접 실시
- 프레젠테이션 주제는 최종학위 논문 및 연수계획 위주로 하되, 현재 진행 중인 연구도 가능 (PPT 10-15매에 한함, 7분 이내)
다. 3차[신체검사] : 병원의 신체검사서 제출(공무원 취업용)
6. 전형일정
전형 절차
일 정
내 용
채용공고
19.01.30(수)~19.02.15(금)
· 홈페이지, 알리오, 워크넷 등 채용 공고 진행
원서접수
· 원서 접수는 연구원 홈페이지, 워크넷을 통해 온라인 접수만 가능
서류 전형
19.02.20(수)
· 전형결과는 연구원 홈페이지를 통해 확인
온라인 인성검사
19.02.21(목) ~ 19.02.22(금)
· 온라인 인성검사는 지정 웹사이트를 통해 실시
프리젠테이션 및 면접
19.02.28(목)
· 전문능력/표현력/조직정응도 등에 대한 면접 실시
· 전형결과(2019.3.6.(수))는 연구원 홈페이지에서 확인
신체 검사
19.03.08(금)
· 공무원 취업용 신체검사 개별 실시
합격자 발표
19.03.12(화)
· 합격자에 한하여 개별 안내
입사 예정일
19.03.15(금) 예정
* 상기 절차 및 일정은 기관 사정에 의하여 변동될 수 있음
7. 접수처
가. 접수방법 : 한국한의학연구원 홈페이지 채용공고(*상단 지원분야 버튼 클릭) 및 워크넷(www.work.go.kr) 접수 (2개 사이트 모두 신청 필수!!!)
나. 문의처 : beori5960@kiom.re.kr
8. 기타사항
가. 공정한 채용전형 진행을 위하여 입사지원서, 자기소개서 등에 본인의 사진, 가족사항 등 직무와 무관한 내용을 기재할 수 없습니다.
나. 기재사항 및 제출서류 착오·누락, 연락 불능으로 인한 불이익은 지원자 책임으로 합니다.
다. 전형 과정에서 부정행위를 하거나 기재사항 및 제출서류가 사실과 다른 경우 합격을 취소하고 5년간 재응시 불가합니다.
라. 해당분야에 적격자가 없을 경우 채용하지 않을 수 있습니다.
마. 「채용절차의 공정화에 관한 법률 제11조」에 따라 채용 여부가 확정된 이후 채용 증빙서류(원본)의 반환을 청구하는 경우 본인 확인 후 반환 가능합니다.
바. 면접전형 합격자로 결정되더라도 채용신체검사, 신원조회에서 부적격으로 판명될 경우 채용되지 않습니다.
2019. 1.
한 국 한 의 학 연 구 원 장

- 자세한 상세요강은 반드시 채용 홈페이지에서 직접 확인해 주시기 바랍니다.","접수기간
남은시간
4일 02:42:55
시작일 2019.01.30(수) 마감일 2019.02.15(금)
달력보기","요약정보
한국한의학연구원 기업정보 127관심기업
산업 의학 및 약학 연구개발업 사원수 184명 설립 2011년 (8년차) 기업형태 공공기관 (비상장) 매출액 478억 5,983만원"
