date,corpName,corpHref,jobInfo,jobInfoHref,jobKeyword,jobSpec
"2019-01-30","SK하이닉스","http://www.jobkorea.co.kr/Recruit/Co_Read/C/c-036436?Oem_Code=C1","BIG DATA INFRA(하둡) 운영 및 서비스 개발자 모집","http://www.jobkorea.co.kr/Recruit/GI_Read/27365704?Oem_Code=C1&view_type=01","알고리즘 개발, 플랫폼 운영, 빅데이터, 하둡(HADOOP), 데이터분석","│ 경력│ 대졸↑│ 경기│ ~2/20(수)"
"2019-01-30","㈜오에스존","http://www.jobkorea.co.kr/Recruit/Co_Read/C/oszone?Oem_Code=C1","빅데이터 하둡 총판 엔지니어","http://www.jobkorea.co.kr/Recruit/GI_Read/27422426?Oem_Code=C1&view_type=01","빅데이터, 머신러닝, 하둡, 시스템분석, 시스템엔지니어","정규직│ 경력5년↑│ 학력무관│ 서울│ ~2/17(일)"
"2019-01-30","㈜베스티아소프트","http://www.jobkorea.co.kr/Recruit/Co_Read/C/vestiasoft?Oem_Code=C1","10348. 빅데이타 HADOOP(하둡) 관리 장기운영 -SM","http://www.jobkorea.co.kr/Recruit/GI_Read/27349349?Oem_Code=C1&view_type=01","빅데이타, 데이터베이스, DW, 인공지능(AI), 빅데이터, 하둡(HADOOP), SPARK, HIVE","정규직, 계약직, 프리랜서│ 학력무관│ 서울│ ~3/9(토)"
"2019-01-30","이삭엔지니어링㈜","http://www.jobkorea.co.kr/Recruit/Co_Read/C/esakeng001?Oem_Code=C1","BDAI R&D 하둡 스파크 빅데이터 소프트웨어 개발자 모집","http://www.jobkorea.co.kr/Recruit/GI_Read/27259297?Oem_Code=C1&view_type=01","자동제어, HMI, PLC, 응용프로그래머, 전산전공, JAVA, PYTHON, SQL, PYTHON, 하둡(HADOOP), SPARK, HIVE, 데이터분석","정규직│ 경력5년↑│ 초대졸↑│ 경기│ ~2/26(화)"
"2019-01-30","㈜씨이랩","http://www.jobkorea.co.kr/Recruit/Co_Read/C/xiilab?Oem_Code=C1","2019 씨이랩 신입/경력 공개채용","http://www.jobkorea.co.kr/Recruit/GI_Read/27499707?Oem_Code=C1&view_type=01","소프트웨어개발, DATAMINING, 게임운영, 데이터베이스, MYSQL, ORACLE, 보안관리, LINUX, 전산전공, C++, JAVA, LINUX, PYTHON, SQL, 자바스크립트, HTML5, UI·UX, PYTHON, 인공지능(AI), 빅데이터, 딥러닝, 하둡(HADOOP), SPARK, 데이터분석","정규직│ 초대졸↑│ 경기, 서울│ ~2/13(수)"
"2019-01-30","㈜하나금융티아이","http://www.jobkorea.co.kr/Recruit/Co_Read/C/sbssys?Oem_Code=C1","금융IT 경력사원 모집","http://www.jobkorea.co.kr/Recruit/GI_Read/27543472?Oem_Code=C1&view_type=01","소프트웨어개발, 솔루션, 기술영업, 기술지원, 솔루션영업, 시스템영업, 신기술영업, 가맹점관리, 거래선개발관리, 영업관리, 영업기획, 영업지원, 리눅스, 웹마스터, 유닉스, 데이터베이스, DBA, MYSQL, ORACLE, 네트워크엔지니어, 보안관리, 보안관제, APACHE, LINUX, 모바일기획, 웹서비스기획, 컨텐츠기획, 웹프로모션, .NET, 웹프로그래머, HDML, JAVA, JSP, MYSQL, SQL, 아이폰, 안드로이드, 응용프로그래머, 전산전공, API, APPLICATION, C, C++BUILDER, JAVA, ORACLE, PRO-C, SAP, UNIX, WAS, 시스템프로그래머, 어셈블리, 웹사이트운영, 웹퍼블리셔, 자바스크립트, CSS, HTML5, 시스템분석, 시스템설계, 시스템엔지니어, PM, 인공지능(AI), 빅데이터, 사물인터넷(IOT), 머신러닝(ML), 하둡(HADOOP), 하드웨어, 소프트웨어","정규직, 계약직│ 경력1년↑│ 학력무관│ 서울, 인천 외│ ~2/9(토)"
"2019-01-30","㈜차이커뮤니케이션","http://www.jobkorea.co.kr/Recruit/Co_Read/C/echai?Oem_Code=C1","광고 플랫폼 및 서비스 플랫폼 개발자 채용","http://www.jobkorea.co.kr/Recruit/GI_Read/27409488?Oem_Code=C1&view_type=01","광고 플랫폼, 디지털 캠페인, 플랫폼, HADOOP, MSSQL, PRESTO, 소프트웨어개발, 솔루션, 웹프로그래머, ASP, JAVA, MS-SQL, MYSQL, PHP, SQL, JAVA, PYTHON, SQL, PYTHON, 빅데이터, 머신러닝(ML), 하둡(HADOOP), TENSORFLOW","정규직│ 경력1년↑│ 초대졸↑│
강남구청 | ~2/28(목)"
"2019-01-30","㈜멀티캠퍼스","http://www.jobkorea.co.kr/Recruit/Co_Read/C/creduinsa?Oem_Code=C1","[빅데이터 / IOT] 국가기간 전략산업 직종훈련","http://www.jobkorea.co.kr/Recruit/GI_Read/27395935?Oem_Code=C1&view_type=01","아이폰, 안드로이드, 응용프로그래머, 전산전공, ABAP, APPLICATION, ASP.NET, JAVA, PYTHON, 인공지능(AI), 빅데이터, 사물인터넷(IOT), 머신러닝(ML), 하둡(HADOOP), SPARK, HIVE, R, PERL, TENSORFLOW, 데이터분석","연수생/교육생│ 신입·경력│ 학력무관│ 서울│ ~2/8(금)"
"2019-01-30","㈜케이티넥스알","http://www.jobkorea.co.kr/Recruit/Co_Read/C/nexr4101?Oem_Code=C1","㈜KT NEXR 2019년 각 분야별 채용","http://www.jobkorea.co.kr/Recruit/GI_Read/27347097?Oem_Code=C1&view_type=01","소프트웨어개발, BIGDATA, PYTHON, 빅데이터, 하둡(HADOOP), SPARK, 데이터분석","정규직│ 신입·경력│ 초대졸↑│
방배 | (상시모집)"
"2019-01-30","베스핀글로벌㈜","http://www.jobkorea.co.kr/Recruit/Co_Read/C/bespin?Oem_Code=C1","JAVA/WEB 개발자 채용","http://www.jobkorea.co.kr/Recruit/GI_Read/27304406?Oem_Code=C1&view_type=01","AZURE, CASSANDRA, ELASTICSEARCH, MONGODB, MARIADB, PL, POSTGRESQL, REDIS, IT컨설팅, MYSQL, ORACLE, 네트워크관리, 네트워크엔지니어, 방화벽, 보안관리, 보안기술, 서버관리자, 서버구축, 시스템운영, 모바일기획, 웹기획, 웹서비스기획, 컨텐츠기획, 웹프로그래머, MS-SQL, MYSQL, 응용프로그래머, JAVA, LINUX, ORACLE, WINDOWS, PM, 빅데이터, 하둡(HADOOP)","정규직, 계약직│ 경력5년↑│ 학력무관│ 서울│ (내일마감)"
"2019-01-30","㈜후후앤컴퍼니","http://www.jobkorea.co.kr/Recruit/Co_Read/C/whowho1?Oem_Code=C1","[KT그룹사] JAVA SPRING BOOT 서버개발(백앤드) 경력직 채용 ( JAVA, SPRING BOOT, RESTFUL API , MSA )","http://www.jobkorea.co.kr/Recruit/GI_Read/26932725?Oem_Code=C1&view_type=01","모바일APP, 스마트폰, 아이폰, 안드로이드, WINDOWSMOBILE, 응용프로그래머, API, APPLICATION, JAVA, WAS, 시스템프로그래머, 빅데이터, 딥러닝, 하둡(HADOOP), SPARK, 데이터분석, 소프트웨어","정규직│ 경력3년↑│ 초대졸↑│ 서울│ (상시모집)"
"2019-01-30","㈜에이치앤티아웃소싱시스템","http://www.jobkorea.co.kr/Recruit/Co_Read/C/lcg2020?Oem_Code=C1","이베이코리아 본사/DATA 엔지니어 채용","http://www.jobkorea.co.kr/Recruit/GI_Read/27492531?Oem_Code=C1&view_type=01","API, LINUX, PYTHON, PYTHON, 인공지능(AI), 빅데이터, 하둡(HADOOP), 데이터분석","계약직, 파견직│ 초대졸↑│
역삼 | (오늘마감)"
"2019-01-30","㈜티아이에스정보시스템","http://www.jobkorea.co.kr/Recruit/Co_Read/C/tisjune?Oem_Code=C1","[취업교육]JAVA/웹&앱/빅데이터/CCNA/웹퍼블리싱 구직자 및 재직자 국비무료 연수생 모집","http://www.jobkorea.co.kr/Recruit/GI_Read/27477663?Oem_Code=C1&view_type=01","모바일앱개발, 소프트웨어개발, 솔루션, SI, 네트웍구축, 통신, IDC, 광고기획, 마케팅, 마케팅기획, 시장분석, 데이터베이스, DBA, MYSQL, ORACLE, 네트워크관리, 네트워크엔지니어, CCNA, CISCO, LINUX, .NET, 웹프로그래머, AJAX, JAVA, JSP, PHP, SERVLET, 안드로이드, 응용프로그래머, 전산전공, API, C++, JAVA, MFC, PYTHON, 웹사이트운영, 컨텐츠개발, 컨텐츠관리, 웹퍼블리셔, 웹표준, 자바스크립트, CSS3, HTML5, PYTHON, 빅데이터, 머신러닝(ML), 하둡(HADOOP), R, 유지보수, 펌웨어, 하드웨어, 소프트웨어, 네트워크엔지니어, 무선통신, 정보통신, 통신기술, NFC","연수생/교육생│ 학력무관│
당산 | ~2/8(금)"
"2019-01-30","비코어㈜","http://www.jobkorea.co.kr/Recruit/Co_Read/C/bcore9?Oem_Code=C1","2019년 비코어(주) 빅데이터 엔지니어 공개 채용","http://www.jobkorea.co.kr/Recruit/GI_Read/27544446?Oem_Code=C1&view_type=01","소프트웨어개발, BIGDATA, SI, SM, PYTHON, 빅데이터, 하둡(HADOOP), HIVE, 유지보수","정규직│ 경력3년↑│ 초대졸↑│ 서울│ ~2/28(목)"
"2019-01-30","㈜뉴럴비씨","http://www.jobkorea.co.kr/Recruit/Co_Read/C/neuralbc01?Oem_Code=C1","거래소 구축 프로젝트 기술총괄/백앤드/프론트앤드 채용공고","http://www.jobkorea.co.kr/Recruit/GI_Read/27537464?Oem_Code=C1&view_type=01","AWS, DB 마이그레이션, HADOOP ECOSYSTEM, MONGODB, CLOUD(AWS, NBP), DB CLUSTER, DB 접근제어/암호화 시스템, 소프트웨어개발, 솔루션, BIGDATA, 웹프로그래머, 응용프로그래머, 전산전공, 웹표준, CSS, CSS3, HTML5, HTML코딩, 빅데이터, 하둡(HADOOP), SPARK, 데이터분석, 소프트웨어","정규직│ 학력무관│
삼성 | (상시모집)"
"2019-01-30","디너의여왕","http://www.jobkorea.co.kr/Recruit/Co_Read/C/dinnerqueen?Oem_Code=C1","경력직 IOS개발자를 모십니다","http://www.jobkorea.co.kr/Recruit/GI_Read/27536511?Oem_Code=C1&view_type=01","커뮤니티, 컨텐츠, 웹프로그래머, AJAX, JAVA, MYSQL, PHP, 아이폰, 안드로이드, API, LINUX, PYTHON, 인공지능(AI), 빅데이터, 머신러닝(ML), 하둡(HADOOP), TENSORFLOW","정규직│ 경력2년↑│ 학력무관│ 서울│ ~2/28(목)"
"2019-01-30","㈜디지털골드익스체인지","http://www.jobkorea.co.kr/Recruit/Co_Read/C/kinofdayinc?Oem_Code=C1","2019년 상반기 공개 채용 정규직원 모집[신입 및 경력직]","http://www.jobkorea.co.kr/Recruit/GI_Read/27532898?Oem_Code=C1&view_type=01","정보설계, UI디자인, UX디자인, 머신러닝, ETHEREUM, JAVASCRIPT, MVP, SOLIDITY, 블록체인 개발, 블록체인 팀 매니저, 블록체인 기획, 웹게임프로그래머, 게임개발, 게임기획, 게임디자인, 게임마케팅, 게임소프트웨어, 모바일APP, 경영기획, 기획, 변화관리, 서비스기획, 조직관리, 게임기획, 게임디자인, 게임마케팅, 캐주얼게임, 온라인게임, 데이터베이스, MYSQL, ORACLE, 데이터마이닝, 네트워크관리, 보안관리, 서버관리자, 시스템운영, APACHE, 모바일기획, 제안·컨설팅, PM, 온라인마케팅, 웹마케팅, 웹프로그래머, AJAX, JSP, MYSQL, API, APPLICATION, JAVA, LINUX, PYTHON, 베타테스트, 웹사이트운영, 컨텐츠개발, 컨텐츠관리, 웹접근성, 자바스크립트, 웹UI, 자바스크립트, 빅데이터, 머신러닝(ML), 하둡(HADOOP), 데이터분석, 소프트웨어, 아바타디자인, 애니메이터, 캐릭터디자인, 플래쉬, 플래시캐릭터, 번역, 중국어, 통역, 경영기획, 경영컨설팅, 이미지컨설팅, 컨설턴트","정규직│ 신입·경력1년↑│ 학력무관│ 서울│ ~2/5(화)"
"2019-01-30","이지웰페어㈜","http://www.jobkorea.co.kr/Recruit/Co_Read/C/withus22?Oem_Code=C1","[이지웰페어] 데이터 분석 전문가(경력) 모집","http://www.jobkorea.co.kr/Recruit/GI_Read/27526729?Oem_Code=C1&view_type=01","쇼핑몰, 전자상거래, B2B, B2C, 기획, 기획조사, 전략, 타당성분석, 데이터베이스, 데이터마이닝, 빅데이터, 하둡(HADOOP), SPARK, R, 데이터분석","정규직│ 경력5년↑│ 대졸↑│
구로디지털단지 | ~2/17(일)"
"2019-01-30","㈜넥스트웹","http://www.jobkorea.co.kr/Recruit/Co_Read/C/aratta?Oem_Code=C1","고객행동분석 개인화마케팅 솔루션 개발/구축","http://www.jobkorea.co.kr/Recruit/GI_Read/27519332?Oem_Code=C1&view_type=01","IOS, CRM, 웹프로그래머, JAVA, JSP, 자바스크립트, PYTHON, 빅데이터, 하둡(HADOOP), SPARK","정규직│ 경력2년↑│ 학력무관│
신림 | ~2/11(월)"
"2019-01-30","메이븐코리아㈜","http://www.jobkorea.co.kr/Recruit/Co_Read/C/mavenkorea?Oem_Code=C1","DW/빅데이터 개발자 신입및경력 채용","http://www.jobkorea.co.kr/Recruit/GI_Read/27518344?Oem_Code=C1&view_type=01","솔루션, BI, BIGDATA, DW, ERP, 데이터베이스, DBA, DW, MS-SQL, SQL, 웹프로그래머, MS-SQL, MYSQL, SQL, 빅데이터, 하둡(HADOOP), HIVE, R, 데이터분석","정규직│ 신입·경력│ 대졸↑│
언주 | ~3/29(금)"
"2019-01-30","와이비에스(와이비에스씨오.,엘티디)","http://www.jobkorea.co.kr/Recruit/Co_Read/C/ybs1977?Oem_Code=C1","C/WEB 등 경력 개발자 모집","http://www.jobkorea.co.kr/Recruit/GI_Read/27515607?Oem_Code=C1&view_type=01","소프트웨어개발, 솔루션, 웹프로그래머, JAVA, JSP, C, C#, C++, 빅데이터, 하둡(HADOOP)","정규직│ 경력5년↑│ 학력무관│ 경기, 서울│ ~2/26(화)"
"2019-01-30","에스피테크놀러지","http://www.jobkorea.co.kr/Recruit/Co_Read/C/sptek1?Oem_Code=C1","에스피테크놀러지(주) 각 부분별 인재 모집","http://www.jobkorea.co.kr/Recruit/GI_Read/27491041?Oem_Code=C1&view_type=01","모바일앱개발, 소프트웨어개발, 데이터베이스, MS-SQL, MYSQL, SQL, 웹프로그래머, JAVA, MS-SQL, MYSQL, 증강현실, C, JAVA, ORACLE, 펌웨어, PLC, DBA, 인공지능(AI), 빅데이터, 머신러닝(ML), 딥러닝, 하둡(HADOOP)","정규직│ 학력무관│ 경기, 서울│ (내일마감)"
"2019-01-30","행복한에코폰","http://www.jobkorea.co.kr/Recruit/Co_Read/C/happyeco04?Oem_Code=C1","행복한에코폰 MYSQL, PYTHON, JAVA 外 정규직 채용(경력사원)","http://www.jobkorea.co.kr/Recruit/GI_Read/27486392?Oem_Code=C1&view_type=01","재단법인, 데이터베이스, MYSQL, JAVA, PYTHON, SQL, 빅데이터, 하둡(HADOOP), 데이터분석","정규직│ 경력5년↑│ 대졸↑│
성수 | ~2/8(금)"
"2019-01-30","세원아이티㈜","http://www.jobkorea.co.kr/Recruit/Co_Read/C/sewonit?Oem_Code=C1","빅데이터 시스템 운영 - ETL/DW (SM)","http://www.jobkorea.co.kr/Recruit/GI_Read/27472674?Oem_Code=C1&view_type=01","소프트웨어개발, BI, BIGDATA, SI, SM, DW, LINUX, 하둡(HADOOP), HIVE","계약직, 프리랜서│ 경력3년↑│ 초대졸↑│
방배 | ~2/15(금)"
"2019-01-30","㈜미래능력개발교육원","http://www.jobkorea.co.kr/Recruit/Co_Read/C/mrhrd1?Oem_Code=C1","빅데이터 강사채용","http://www.jobkorea.co.kr/Recruit/GI_Read/27460386?Oem_Code=C1&view_type=01","자바, 웹표준, 안드로이드, 파이선, 스프링, JSP, 포트폴리오, IT학원, 프로그램강의, PYTHON, 인공지능(AI), 빅데이터, 하둡(HADOOP), R, 컴퓨터학원강사, IT학원강사, 직업훈련교사","정규직│ 경력3년↑│ 초대졸↑│ 서울│ ~3/22(금)"
"2019-01-30","㈜미래능력개발교육원","http://www.jobkorea.co.kr/Recruit/Co_Read/C/mrhrd1?Oem_Code=C1","자바 훈련 강사 채용","http://www.jobkorea.co.kr/Recruit/GI_Read/27460353?Oem_Code=C1&view_type=01","자바, 웹표준, 안드로이드, 파이선, 스프링, JSP, 포트폴리오, IT학원, 프로그램강의, PYTHON, 인공지능(AI), 빅데이터, 하둡(HADOOP), R, 컴퓨터학원강사, IT학원강사, 직업훈련교사","정규직│ 경력3년↑│ 초대졸↑│ 서울│ ~3/22(금)"
"2019-01-30","㈜엔시스템","http://www.jobkorea.co.kr/Recruit/Co_Read/C/odio99?Oem_Code=C1","HADOOP, HIVE 개발자 모집합니다. [11번가 프로젝트 - 서울 삼성역]","http://www.jobkorea.co.kr/Recruit/GI_Read/27444150?Oem_Code=C1&view_type=01","소프트웨어개발, BIGDATA, DW, SI, SM, DW, 데이터마이닝, 웹프로그래머, JAVA, 빅데이터, 하둡(HADOOP), SPARK, HIVE","계약직│ 경력3년↑│ 초대졸↑│
삼성 | ~2/17(일)"
"2019-01-30","㈜YH데이타베이스","http://www.jobkorea.co.kr/Recruit/Co_Read/C/ennio88?Oem_Code=C1","JAVA/WEB(SPRING) 개발자 모집-정규직","http://www.jobkorea.co.kr/Recruit/GI_Read/27401429?Oem_Code=C1&view_type=01","소프트웨어개발, 솔루션, JAVA, MS-SQL, SQL, 빅데이터, 딥러닝, 하둡(HADOOP)","정규직│ 경력5년↑│ 초대졸↑│ 서울│ ~3/15(금)"
"2019-01-30","포인트아이","http://www.jobkorea.co.kr/Recruit/Co_Read/C/pointi0701?Oem_Code=C1","ICT 솔루션 개발자 모집","http://www.jobkorea.co.kr/Recruit/GI_Read/27352910?Oem_Code=C1&view_type=01","텔레콤, 웹프로그래머, AJAX, JAVA, MS-SQL, MYSQL, C, C++, DELPHI, JAVA, LINUX, 빅데이터, 사물인터넷(IOT), 머신러닝(ML), 딥러닝, 하둡(HADOOP)","정규직, 계약직│ 신입·경력2년↑│ 대졸↑│
압구정 | (상시모집)"
"2019-01-30","에이콘이즈","http://www.jobkorea.co.kr/Recruit/Co_Read/C/acornacademy?Oem_Code=C1","[국비지원 무료교육] 텐서플로우 기반 챗봇(CHATBOT) 시스템 개발 과정","http://www.jobkorea.co.kr/Recruit/GI_Read/27311368?Oem_Code=C1&view_type=01","IT학원, JAVA, LINUX, PYTHON, 빅데이터, 머신러닝(ML), 딥러닝, 하둡(HADOOP), 챗봇(CHATBOT)","연수생/교육생│ 초대졸↑│
종각 | ~2/28(목)"
"2019-01-30","㈜비아이씨엔에스","http://www.jobkorea.co.kr/Recruit/Co_Read/C/bicns?Oem_Code=C1","[상반기공채] 데이터 시각화(BI)신입/경력 개발자 모집","http://www.jobkorea.co.kr/Recruit/GI_Read/27293014?Oem_Code=C1&view_type=01","DW, IT컨설팅, 응용프로그래머, SQL, PYTHON, 빅데이터, 하둡(HADOOP), R, 데이터분석","정규직│ 신입·경력│ 대졸↑│
판교 | ~2/12(화)"
"2019-01-30","에이치비","http://www.jobkorea.co.kr/Recruit/Co_Read/C/hbee100?Oem_Code=C1","㈜에이치비 신입/경력 각 부문 채용(빅데이터 솔루션 JAVA 웹개발/HADOOP/SPARK)","http://www.jobkorea.co.kr/Recruit/GI_Read/27281213?Oem_Code=C1&view_type=01","MS-SQL, ORACLE, GREEMPLUM DB, POSTGRESQL, UNIX / SHELL SCRIPT, 솔루션, 웹프로그래머, JAVA, JSP, JAVA, 빅데이터, 하둡(HADOOP), SPARK","정규직│ 신입·경력3년↑│ 초대졸↑│ 경기│ (내일마감)"
"2019-01-30","㈜데이터엔지니어스랩","http://www.jobkorea.co.kr/Recruit/Co_Read/C/dlab5500?Oem_Code=C1","2019 상반기 빅데이터 인프라 엔지니어 경력 채용","http://www.jobkorea.co.kr/Recruit/GI_Read/27240767?Oem_Code=C1&view_type=01","소프트웨어개발, BIGDATA, 보안관리, 서버관리자, 서버구축, 정보보안, LINUX, 빅데이터, 하둡(HADOOP)","정규직│ 경력3년↑│ 초대졸↑│ 서울│ ~2/24(일)"
"2019-01-30","㈜씨씨미디어서비스","http://www.jobkorea.co.kr/Recruit/Co_Read/C/ccbrain?Oem_Code=C1","빅데이터 분야 TA 모집","http://www.jobkorea.co.kr/Recruit/GI_Read/27224807?Oem_Code=C1&view_type=01","빅데이터, 하둡(HADOOP), SPARK, HIVE","정규직, 계약직│ 경력│ 초대졸↑│
대림 | ~3/24(일)"
"2019-01-30","㈜엑셈","http://www.jobkorea.co.kr/Recruit/Co_Read/C/exem?Oem_Code=C1","전남지역 엑셈 빅데이터 사업확대","http://www.jobkorea.co.kr/Recruit/GI_Read/27170027?Oem_Code=C1&view_type=01","소프트웨어개발, 빅데이터, 하둡(HADOOP), HIVE","정규직│ 경력│ 대졸↑│ 서울, 전남 외│ ~2/16(토)"
"2019-01-30","연세대학교산학협력단","http://www.jobkorea.co.kr/Recruit/Co_Read/C/scsilab7479?Oem_Code=C1","연세대학교 건설환경공학과 공간컴퓨팅 연구실(SCSI LAB.) 연구교수 채용","http://www.jobkorea.co.kr/Recruit/GI_Read/27133822?Oem_Code=C1&view_type=01","대학(교)교직원, 대학교, 빅데이터, 하둡(HADOOP), 데이터분석, 측량","계약직│ 경력│ 박사↑│ 서울│ ~2/11(월)"
"2019-01-30","이너버스","http://www.jobkorea.co.kr/Recruit/Co_Read/C/innerbus?Oem_Code=C1","IT보안 데이터 분석 및 컨설팅(신입/경력)","http://www.jobkorea.co.kr/Recruit/GI_Read/26983689?Oem_Code=C1&view_type=01","보안소프트웨어, 빅데이터, 머신러닝(ML), 딥러닝, 하둡(HADOOP), 데이터분석","정규직│ 신입·경력2년↑│ 석사↑│
선유도 | (상시모집)"
"2019-01-30","엠에이치엔씨티","http://www.jobkorea.co.kr/Recruit/Co_Read/C/mhncityhr?Oem_Code=C1","RPA(ROBOTICS PROCESS AUTOMATION)개발 및 구축 설계 담당 연구원을 모십니다.","http://www.jobkorea.co.kr/Recruit/GI_Read/26718991?Oem_Code=C1&view_type=01","소프트웨어개발, 솔루션, BIGDATA, 응용프로그래머, 전산전공, JAVA, LINUX, PYTHON, PYTHON, 인공지능(AI), 딥러닝, 하둡(HADOOP), TENSORFLOW","정규직│ 경력│ 대졸↑│
뚝섬 | (상시모집)"
"2019-01-30","클라우드앤티나","http://www.jobkorea.co.kr/Recruit/Co_Read/C/claudentina?Oem_Code=C1","AI 기술개발에 필요한 빅데이터 수집, 저장, 처리, 분석, 생성 관련 우수인재","http://www.jobkorea.co.kr/Recruit/GI_Read/26328876?Oem_Code=C1&view_type=01","쇼핑몰, 오픈마켓, 전자상거래, PHP, API, PYTHON, 인공지능(AI), 빅데이터, 딥러닝, 하둡(HADOOP)","정규직, 인턴│ 대졸↑│ 서울│ (상시모집)"
"2019-01-30","이노트리","http://www.jobkorea.co.kr/Recruit/Co_Read/C/innotree12?Oem_Code=C1","DA/DW/빅데이터 경력직 모집","http://www.jobkorea.co.kr/Recruit/GI_Read/25945722?Oem_Code=C1&view_type=01","SI, SM, DBA, DW, 데이터마이닝, 빅데이터, 하둡(HADOOP), SPARK, R, 데이터분석","정규직, 계약직│ 경력3년↑│ 학력무관│ 서울│ (상시모집)"
"2019-01-30","엠에이치엔씨티","http://www.jobkorea.co.kr/Recruit/Co_Read/C/mhncityhr?Oem_Code=C1","인공지능 솔루션 개발 및 구축 설계 담당 연구원을 모십니다.","http://www.jobkorea.co.kr/Recruit/GI_Read/25285113?Oem_Code=C1&view_type=01","소프트웨어개발, 솔루션, BIGDATA, C++, PYTHON, PYTHON, 인공지능(AI), 딥러닝, 하둡(HADOOP), TENSORFLOW","정규직│ 경력2년↑│ 석사↑│ 서울│ (상시모집)"
"2019-01-30","중앙정보기술인재개발원 중앙정보처리학원","http://www.jobkorea.co.kr/Recruit/Co_Read/C/choongang8?Oem_Code=C1","인공지능/JAVA/빅데이터 IT기업 채용 연수생 모집","http://www.jobkorea.co.kr/Recruit/GI_Read/27481868?Oem_Code=C1&view_type=01","컨텐츠개발, IT학원, 모바일앱개발, 소프트웨어개발, 솔루션, ASP, 데이터베이스, DBA, MYSQL, ORACLE, 데이터마이닝, .NET, 액션스크립트, 응용프로그래머, JAVA, PYTHON, 웹접근성, 웹퍼블리셔, 웹표준, 자바스크립트, UI·UX, 시스템분석, 요구분석, 튜닝, DBA, PYTHON, 빅데이터, 사물인터넷(IOT), 머신러닝(ML), 데이터분석","연수생/교육생│ 신입·경력│ 학력무관│ 서울│ ~2/23(토)"
"2019-01-30","㈜모비젠","http://www.jobkorea.co.kr/Recruit/Co_Read/C/mobigen20?Oem_Code=C1","JAVA APPLICATION 개발자 모집공고","http://www.jobkorea.co.kr/Recruit/GI_Read/27502592?Oem_Code=C1&view_type=01","BIGDATA, SI, SM, APPLICATION, JAVA","정규직│ 경력5년↑│ 초대졸↑│ 경기│ ~3/26(화)"
"2019-01-30","㈜모비젠","http://www.jobkorea.co.kr/Recruit/Co_Read/C/mobigen20?Oem_Code=C1","JAVA, PYTHON 서버(SERVER), 웹 GUI 개발자 모집 공고","http://www.jobkorea.co.kr/Recruit/GI_Read/27496758?Oem_Code=C1&view_type=01","BIGDATA, SI, SM, 서버구축, JAVA, PYTHON","정규직│ 신입·경력2년↑│ 대졸↑│
문정 | ~2/23(토)"
"2019-01-30","아모레퍼시픽","http://www.jobkorea.co.kr/Recruit/Co_Read/C/c-036221?Oem_Code=C1","`19년 경력채용 - DATA ANALYST","http://www.jobkorea.co.kr/Recruit/GI_Read/27491137?Oem_Code=C1&view_type=01","빅데이터, 데이터분석","정규직│ 경력│ 서울│ ~2/10(일)"
"2019-01-30","㈜엔씨소프트","http://www.jobkorea.co.kr/Recruit/Co_Read/C/Ncsoft?Oem_Code=C1","[엔씨소프트]빅데이터 엔지니어 채용","http://www.jobkorea.co.kr/Recruit/GI_Read/27201147?Oem_Code=C1&view_type=01","빅데이터","정규직│ 경력5년↑│ 학력무관│
판교 | ~2/15(금)"
"2019-01-30","㈜퍼즐시스템즈","http://www.jobkorea.co.kr/Recruit/Co_Read/C/puzzlesystems?Oem_Code=C1","DW(데이터웨어하우스)/DB 개발 인력 모집","http://www.jobkorea.co.kr/Recruit/GI_Read/27498640?Oem_Code=C1&view_type=01","BI, BIGDATA, DATAWAREHOUSE, DW, OLAP","정규직│ 신입·경력│ 대졸↑│ 경기, 서울│ ~3/25(월)"
"2019-01-30","㈜베스티아소프트","http://www.jobkorea.co.kr/Recruit/Co_Read/C/vestiasoft?Oem_Code=C1","10350. 비씨카드차세대 정보계(JAVA) -장기SI","http://www.jobkorea.co.kr/Recruit/GI_Read/27421442?Oem_Code=C1&view_type=01","빅데이타, 웹프로그래머, JAVA, JSP, SQL, JAVA, SQL","정규직, 계약직, 프리랜서│ 학력무관│ 서울│ ~3/17(일)"
"2019-01-30","㈜베스티아소프트","http://www.jobkorea.co.kr/Recruit/Co_Read/C/vestiasoft?Oem_Code=C1","10349. 비씨카드차세대 대응프로젝트(JAVA) 개발(3월4일투입) -SI","http://www.jobkorea.co.kr/Recruit/GI_Read/27420819?Oem_Code=C1&view_type=01","빅데이타, 웹프로그래머, JAVA, JSP, JAVA, SQL","정규직, 계약직, 프리랜서│ 학력무관│ 서울│ ~3/17(일)"
"2019-01-30","더조은IT아카데미","http://www.jobkorea.co.kr/Recruit/Co_Read/C/tjoeuncenter1?Oem_Code=C1","[국비무료/취업지원] 취업 교육연수생 모집(빅데이터, 데이터분석, 머신러닝, 딥러닝, R프로그래밍)","http://www.jobkorea.co.kr/Recruit/GI_Read/27380890?Oem_Code=C1&view_type=01","BIGDATA, 빅데이터, 사물인터넷(IOT), 머신러닝(ML), 딥러닝, 데이터분석","연수생/교육생│ 학력무관│ 서울│ (상시모집)"
"2019-01-30","㈜더조은아카데미서초지점","http://www.jobkorea.co.kr/Recruit/Co_Read/C/tjoeunartkn?Oem_Code=C1","[더조은IT아카데미-강남] 빅데이터,데이터분석 교수님 초빙합니다.","http://www.jobkorea.co.kr/Recruit/GI_Read/27356617?Oem_Code=C1&view_type=01","빅데이터, 교수설계, 기능학원, 학원강사, IT학원, JAVA, PYTHON, 시스템분석, 시스템설계, DBA, IT학원강사","계약직, 위촉직/개인사업자│ 경력3년↑│ 대졸↑│ 서울│ ~3/10(일)"
"2019-01-30","㈜케이씨넷","http://www.jobkorea.co.kr/Recruit/Co_Read/C/cusdatanet?Oem_Code=C1","빅데이터 분석가 및 개발자 경력직 채용","http://www.jobkorea.co.kr/Recruit/GI_Read/27304686?Oem_Code=C1&view_type=01","컴퓨터, 웹프로그래머, ASP, JAVA, MS-SQL, PHP, 아이폰, 안드로이드, 응용프로그래머, APPLICATION, WINDOWSMOBILE, 시스템분석, 시스템설계, 시스템엔지니어, 요구분석, DBA","정규직│ 경력2년↑│ 대졸↑│
정부청사 | (내일마감)"
"2019-01-30","데이터플로","http://www.jobkorea.co.kr/Recruit/Co_Read/C/dataflow?Oem_Code=C1","인공지능 / 빅데이터 분석 채용 / 데이터 사이언티스트 경력직","http://www.jobkorea.co.kr/Recruit/GI_Read/27214791?Oem_Code=C1&view_type=01","소프트웨어개발, 솔루션, BI, BIGDATA, DATAMINING","정규직, 계약직, 프리랜서│ 경력3년↑│ 학력무관│ 서울│ ~2/20(수)"
