idNum, corpName,period,corpDetail,infoDetail
1,"휴먼교육센터","접수기간
남은시간
4일 06:16:39
시작일 2019.02.12(화) 마감일 2019.02.20(수)
달력보기","요약정보
휴먼교육센터 기업정보 100관심기업
산업 학원·어학원·교육원 사원수 10명 설립 2011년 (8년차) 기업형태 중소기업 (비상장)","휴먼을 선택해야 하는 이유?
수업시간 진도를 따라가지 못하는 교육생들을 위해 2명의 선생님이 수업에 참여하여 실습위주의 수업진행
프로젝트 제작에 필요한 전문 강사진을 배치하여 방과후 프로젝트 제작에 도움이 될수 있도록 교육지원
교육과정 수료후 취업의 역량이 부족한 교육생들은 취업 할 수 있는 역량을 갖출때 까지 전문교사의 보충
높은 수준의 프로젝트를 위해 교육원 24시간 개방
4월 교육과정을 지금 준비하셔야 하는 이유?
고용노동부 정책으로 인해서 19년도 진행되는 교육에 참가하시는 분들은 약 2주 ~ 5주정도의 내일배움카드
발급시간이 소요됩니다. 따라서 최소 1개월 이전에 준비를 하셔야만 19년 4월에 진행하는 교육과정을
참여하실수 있습니다.
교육부문과정 소개 및 교육내용
모집지역 모집분야 교육대상 인원
서울교육센터
JAVA웹개발 분야
웹 퍼블리싱 분야
빅데이터UI 개발 분야
AI인공지능 개발 분야
IOT사물인터넷 개발 분야
보안 구축 분야
만 15세 이상 실업자 누구나 가능
대학 졸업예정자, 사이버대학, 방통대학, 학점은행제, 야간대학 재학생 또는 휴학생
분야별 
30명 
수원교육센터
천안교육센터
교육대상
만 15세 이상 실업자 누구나 가능
대학 졸업예정자, 사이버대학, 방통대학, 학점은행제, 야간대학 재학생 또는 휴학생
교육 개강 일정
2019년 4월 개강 모집
교육 특전 및 각 과정 특징
고용노동부와 직업능력심사평가원의 엄격한 과정심사를 통한 우수한 교육과정
100% 국비지원 무료교육
매월 훈련 장려금(생계지원비) 최대 40만원 지급
1:1 개별 상담을 통한 취업성향 및 방향설정
취업처 정보 및 취업정보 제공
전문 컨설턴트를 통한 철저한 학사 관리
취업전략 오리엔테이션 및 취업관련 수시 상담진행
맞춤식 밀착 컨설팅 (이력서작성방법 / 이력서 클리닉 / 면접클리닉 진행)
교육수료 이후에도 사후관리를 통한 취업지원
취업분야
웹&앱 개발자
웹퍼블리셔
백앤드,프론트앤드 개발자
응용소프트웨어 개발자
빅데이터 UI 개발자
데이터분석 전문가
AI인공지능 개발자
IOT사물인터넷 개발자
IOT네트워크 구축 전문가
ICT시스템 구축 전문가
보안 구축 전문가
전형절차
잡코리아 및 전화접수
교육과정상담
교육접수진행
등록완료
접수방법 및 접수기간
접수방법 : 잡코리아 온라인 입사지원
접수기간 : 2019년 02월 28일 마감
(궁금사항은 아래 문의처로 문의주시고, 본 교육과정은 선착순 접수로 조기 마감될 수 있습니다. )
문의사항
카카오톡 문의 : @휴먼교육센터 http://pf.kakao.com/_bRxcpC
주소 : 서울특별시 영등포구 영중로8길 6(성남빌딩), 6층
연락처 : 02-3667-3688
이메일 : humanec@naver.com
홈페이지주소 : human.or.kr
홈페이지 바로가기",
2,"㈜이지로보틱스","접수기간
남은시간
6일 06:16:25
시작일 2019.02.12(화) 마감일 2019.02.22(금)
24시 마감 / 채용 시 마감
달력보기","요약정보
㈜이지로보틱스 기업정보 197관심기업 연봉정보
산업 기계·기계설비 사원수 64명 설립 2001년 (18년차) 기업형태 중소기업 (비상장) 인증 강소기업 매출액 124억9천만원","01.
회사개요
본 사 : (주)이지로보틱스 (경기도 수원시 영통구 덕영대로1556번길 16, 디지털 엠파이어 D동 1101~1105호)
기업부설연구소 : 가상생산시스템 연구소 (병역특례지정연구소) (디지털 엠파이어 D동 1105호)
02. 채용내역
모집분야 담당업무 자격요건 우대사항 인원
가상생산시스템
연구소
(신입/경력)
3D Mesh 및
PointCloud Processing
알고리즘 개발
관련 학과 전공자
C++ 프로그래밍 가능자
석사 이상 학위 소지자
(전문연구요원 지원 가능)
3D Mesh, PointCloud
관련 개발 및 경험
GPU 병렬 프로그래밍에 대한
이해 및 CUDA 개발 경험
0명
Windows 응용 SW 개발
(GUI 개발)
C++ 또는 윈도우 Programming
(C#, MFC) 경험자
몸과 꿈만 갖고 오세요~! 회사에서 모든 것을 책임집니다.
03.
전형 방법 및 제출서류
- 당사 양식 입사지원서
- 최종학교 성적증명서(졸업 예정자는 직전 학기까지의 성적증명서)
- 최종학교 졸업증명서 (졸업예정자는 졸업예정증명서)
- 자격증 사본, 어학증명서 사본(이력서에 기재한 자에 한함)
- 경력증명서 (해당자에 한함)
- 수행 프로젝트 포트폴리오 (해당자에 한함)
04.
지원방법
지원 방법 : 당사 입사지원서 작성 후 잡코리아 온라인 입사지원
접수 기한 : 2019년 02월 22일 금요일(채용 완료 시 마감)
문의사항 : 채용 담당자(recruit@ezrobotics.com)
접수 시 유의사항
1) 지원서에 지원분야와 희망연봉을 반드시 표기해 주셔야 합니다.
2) 제출 서류가 누락될 경우 서류 심사에서 제외될 수 있습니다.
3) 입사지원서의 내용이 사실과 다를 경우, 합격이 취소될 수 있으니 유의하여 주시기 바랍니다.
자사양식 다운로드
05.
급 여
연봉제: 석사 초임 기준 4,000만원 (평가 성과급 / 각종 수당 / 퇴직금 별도)
06.
복 리 후 생",
3,"㈜이지로보틱스","접수기간
남은시간
6일 06:16:12
시작일 2019.02.12(화) 마감일 2019.02.22(금)
24시 마감 / 채용 시 마감
달력보기","요약정보
㈜이지로보틱스 기업정보 197관심기업 연봉정보
산업 기계·기계설비 사원수 64명 설립 2001년 (18년차) 기업형태 중소기업 (비상장) 인증 강소기업 매출액 124억9천만원","01.
회사개요
본 사 : (주)이지로보틱스 (경기도 수원시 영통구 덕영대로1556번길 16, 디지털 엠파이어 D동 1101~1105호)
기업부설연구소 : 가상생산시스템 연구소 (병역특례지정연구소) (디지털 엠파이어 D동 1105호)
02. 채용내역
모집분야 담당업무 자격요건 우대사항 인원
Engineering
& Consulting
Digital Manufacturing
Simulation & Consulting
Robotics Simulation &
Robot Off-Line
Programming
기계공학, 산업공학,
로봇공학 관련 분야
학사 이상 취득자
DMWorks 수강자
석사 이상 학위 소지자
0명
로봇 이용
3D 스캐닝 자동화
레이저 센서의 로봇 응용
로봇을 이용한 측정 자동화
로봇 시뮬레이션 및
Off-Line 프로그래밍
기계공학, 메카트로닉스,
로봇공학 관련 분야
학사 이상 소유자
석사 이상 학위 소지자
몸과 꿈만 갖고 오세요~! 회사에서 모든 것을 책임집니다.
03.
전형 방법 및 제출서류
- 당사 양식 입사지원서
- 최종학교 성적증명서(졸업 예정자는 직전 학기까지의 성적증명서)
- 최종학교 졸업증명서 (졸업예정자는 졸업예정증명서)
- 자격증 사본, 어학증명서 사본(이력서에 기재한 자에 한함)
- 경력증명서 (해당자에 한함)
- 수행 프로젝트 포트폴리오 (해당자에 한함)
04.
지원방법
지원 방법 : 당사 입사지원서 작성 후 잡코리아 온라인 입사지원
접수 기한 : 2019년 02월 22일 금요일(채용 완료 시 마감)
문의사항 : 채용 담당자(recruit@ezrobotics.com)
접수 시 유의사항
1) 지원서에 지원분야와 희망연봉을 반드시 표기해 주셔야 합니다.
2) 제출 서류가 누락될 경우 서류 심사에서 제외될 수 있습니다.
3) 입사지원서의 내용이 사실과 다를 경우, 합격이 취소될 수 있으니 유의하여 주시기 바랍니다.
자사양식 다운로드
05.
급 여
연봉제: 학사 초임 기준 3,600만원 (평가 성과급 / 각종 수당 / 퇴직금 별도)
06.
복 리 후 생",
4,"㈜티아이에스정보시스템","접수기간
남은시간
6일 06:15:59
시작일 2019.02.11(월) 마감일 2019.02.22(금)
달력보기","요약정보
㈜티아이에스정보시스템 기업정보 128관심기업 연봉정보
산업 솔루션·SI·CRM·ERP 사원수 21명 설립 2013년 (6년차) 기업형태 중소기업 (비상장) 매출액 20억","",
5,"㈜프리텔레콤","접수기간
남은시간
12일 06:15:45
시작일 2019.02.11(월) 마감일 2019.02.28(목)
달력보기","요약정보
㈜프리텔레콤 기업정보 125관심기업 연봉정보
산업 모바일·APP 사원수 100명 설립 2009년 (10년차) 기업형태 중소기업 (비상장) 매출액 400억","쓰던번호, 통화품질은 그대로 통신요금은 가벼워 집니다.
㈜프리텔레콤(SKT, KT MVNO)은 ㈜인스코비(LGU+ MVNO)와 함께
국내에서 유일하게 통신 3사의 MVNO 서비스를 제공하고 있습니다.
㈜인스코비는 KOSPI 상장사이며, ㈜프리텔레콤은 ㈜인스코비의 통신판매를 담당하는 자회사 입니다.
㈜프리텔레콤 개발자 모집
모집부문
직무 담당업무 자격요건 우대사항 모집구분 인원
개발 JAVA개발
(MVNO연동시스템, 홈페이지,
내부관리시스템,
오라클빅데이터운영)
- JAVA 프로그래밍
- (Java, Servlet, Jsp, jQuery)
- Oracle DB활용 가능자
- Linux OS활용 가능자
- 경력: 3년이상(대리/과장급)
Oracle DB
운영 경험자 정규직 1명
전형절차
근무조건
근무시간 : 09:00~18:00(월~금)
근무지 : 서울시 성동구 성수이로 22길 37 (성수동2가, 아크밸리7층)
접수기간 및 방법
채용시 마감
잡코리아 온라인 접수
제출서류
이력서, 자기소개서(기타서류는 최종합격 후 별도안내)
복리후생
4대보험/퇴직연금
임직원상해보험 가입(실비포함)
주5일근무, 연차제도
장기근속자포상, 우수사원포상, 명절선물 지급
통신비 지원
경조사 지원(휴가 및 경조금 등)
자기개발비 지원
생일자 상품권 지급
법인콘도 지원",
